SovietNaval,Oktyabrskaya Revolutsiya
SovietNaval,Parizhskaya Kommuna
SovietNaval,Sovetsky Soyuz
SovietNaval,Sovetskaya Ukraina
SovietNaval,Sovetskaya Rossiya
SovietNaval,Sovetskaya Belorussiya
SovietNaval,Sovetskaya Gruziya
SovietNaval,Vladimir Lenin
SovietNaval,Karl Marx
SovietNaval,Friedrich Engels
SovietNaval,Orel
SovietNaval,Varyag
SovietNaval,Ulyanovsk
SovietNaval,Moskva
SovietNaval,Leningrad
SovietNaval,Stalingrad
SovietNaval,Tbilisi
SovietNaval,Riga
SovietNaval,Novossibirsk
SovietNaval,Sevastopol
SovietNaval,Kronshtadt
SovietNaval,Maxim Gorky
SovietNaval,Slava
SovietNaval,Petropavlovsk
SovietNaval,Kalinin
SovietNaval,Kirov
SovietNaval,Frunze
SovietNaval,Voroshilov
SovietNaval,Molotov
SovietNaval,Sverdlov
SovietNaval,Ordzhinikidze
SovietNaval,Komsomolets
SovietNaval,Kuybyshev
SovietNaval,Zheleznyakov
SovietNaval,Chapayev
SovietNaval,Marat
SovietNaval,Murmansk
SovietNaval,Tallinn
SovietNaval,Chkalov
SovietNaval,Zdhanov
SovietNaval,Admiral Ushakov
SovietNaval,Aleksandr Suvorov
SovietNaval,Admiral Senyavin
SovietNaval,Dmitry Pozharsky
SovietNaval,Admiral Lazarev
SovietNaval,Shcherbakov
SovietNaval,Dzerzhinsky
SovietNaval,Admiral Nakhimov
SovietNaval,Mikhail Kutuzov
SovietNaval,Admiral Kornilov
SovietNaval,Arkhangelsk
SovietNaval,Vladivostok
SovietNaval,Baku
SovietDestroyer,Sovremenny
SovietDestroyer,Otchayanny
SovietDestroyer,Otlichny
SovietDestroyer,Osmotritelny
SovietDestroyer,Bezuprechny
SovietDestroyer,Boyevoy
SovietDestroyer,Stoyky
SovietDestroyer,Okrylyonny
SovietDestroyer,Burny
SovietDestroyer,Gremyashchy
SovietDestroyer,Veduschy
SovietDestroyer,Bystry
SovietDestroyer,Rastoropny
SovietDestroyer,Bezboyaznenny
SovietDestroyer,Gremyashchy
SovietDestroyer,Bezuderzhny
SovietDestroyer,Bespokoyny
SovietDestroyer,Nastoychivy
SovietDestroyer,Basstrashny
SovietDestroyer,Vazhny
SovietDestroyer,Vdumchivy
SovietDestroyer,Vnushitelny
SovietDestroyer,Vechny
SovietDestroyer,Udaloy
SovietDestroyer,Zhguchy
SovietDestroyer,Zorky
SovietDestroyer,Derzky
SovietDestroyer,Gnevny
SovietDestroyer,Uporny
SovietDestroyer,Boyky
SovietDestroyer,Gordy
SovietDestroyer,Khrabry
SovietDestroyer,Soobrazitelny
SovietDestroyer,Provorny
SovietDestroyer,Ognevoy
SovietDestroyer,Obraztsovy
SovietDestroyer,Otvazhny
SovietDestroyer,Odaryonny
SovietDestroyer,Slavny
SovietDestroyer,Stroyny
SovietDestroyer,Krasny Kavkaz
SovietDestroyer,Steregushchy
SovietDestroyer,Reshitelny
SovietDestroyer,Smyshlyony
SovietDestroyer,Strogy
SovietDestroyer,Smetlivy
SovietDestroyer,Smely
SovietDestroyer,Krasny Krym
SovietDestroyer,Sposobny
SovietDestroyer,Skory
SovietDestroyer,Sderzhanny
SovietDestroyer,Nadezhny
SovietDestroyer,Gubitelny
SovietDestroyer,Lovky
SovietDestroyer,Tvyordy
SovietDestroyer,Tolkovy
SovietFrigate,Bditelnyy
SovietFrigate,Bodryy
SovietFrigate,Dostoynyy
SovietFrigate,Svirepyy
SovietFrigate,Silnyy
SovietFrigate,Doblestnyy
SovietFrigate,Storozhevoy
SovietFrigate,Razumnyy
SovietFrigate,Razyashchiy
SovietFrigate,Druzhnyy
SovietFrigate,Deyatelnyy
SovietFrigate,Retivy
SovietFrigate,Bezzavetnyy
SovietFrigate,Zadornyy
SovietFrigate,Bezukoriznennyy
SovietFrigate,Ladnyy
SovietFrigate,Poryvistyy
SovietFrigate,Rezvyy
SovietFrigate,Rezkiy
SovietFrigate,Razitelnyy
SovietFrigate,Gorzyashchiy
SovietFrigate,Neukrotimyy
SovietFrigate,Gromkiy
SovietFrigate,Bessmennyy
SovietFrigate,Gordelivy
SovietFrigate,Ryavnyy
SovietFrigate,Revnostnyy
SovietFrigate,Pytlivyy
SovietFrigate,Lyogky
SovietFrigate,Letuchiy
SovietFrigate,Pylkiy
SovietFrigate,Zharkiy
SovietSpace,Yuri Gagarin
SovietSpace,Gherman Titov
SovietSpace,Andriyan Nikolayev
SovietSpace,Pavel Popovich
SovietSpace,Valery Bykovsky
SovietSpace,Valentina Tereshkova
SovietSpace,Vladimir Komarov
SovietSpace,Konstantin Feoktistov
SovietSpace,Boris Yegorov
SovietSpace,Pavel Belyayev
SovietSpace,Alexei Leonov
SovietSpace,Georgy Beregovoy
SovietSpace,Vladimir Shatalov
SovietSpace,Boris Volynov
SovietSpace,Aleksei Yeliseyev
SovietSpace,Yevgeny Khrunov
SovietSpace,Georgy Shonin
SovietSpace,Valeri Kubasov
SovietSpace,Anatoly Flipchenko
SovietSpace,Vladislav Volkov
SovietSpace,Viktor Gorbatko
SovietSpace,Vitaly Sevastyanov
SovietSpace,Nikolay Rukavishnikov
SovietSpace,Georgy Dobrovolsky
SovietSpace,Viktor Patsayev
SovietSpace,Vasily Lazarev
SovietSpace,Oleg Makarov
SovietSpace,Pyotr Klimuk
SovietSpace,Valentin Lebedev
SovietSpace,Yury Artyukhin
SovietSpace,Gennadi Sarafanov
SovietSpace,Lev Dyomin
SovietSpace,Aleksei Gubarev
SovietSpace,Georgy Grechko
SovietSpace,Vitaly Zholobov
SovietSpace,Vladimir Aksyonov
SovietSpace,Vyacheslav Zudov
SovietSpace,Valery Rozhdestvensky
SovietSpace,Yury Glazkov
SovietSpace,Vladimir Kovalyonok
SovietSpace,Valery Ryumin
SovietSpace,Yury Romanenko
SovietSpace,Vladimir Dzhanibekov
SovietSpace,Aleksandr Ivanchenkov
SovietSpace,Vladimir Lyakhov
SovietSpace,Yury Malyshev
SovietSpace,Leonid Popov
SovietSpace,Leonid Kizim
SovietSpace,Gennadi Strekalov
SovietSpace,Viktor Savinykh
SovietSpace,Aleksandr Serebrov
SovietSpace,Svetlana Savitskaya
SovietSpace,Anatoly Berezovoy
SovietSpace,Oleg Antonov
SovietSpace,Viktor Belyaev
SovietSpace,Sergei Korolev
SovietSpace,Dmitry Grigorovich
SovietSpace,Mikhail Gurevich
SovietSpace,Nikolai Kamov
SovietSpace,Semyon Lavochkin
SovietSpace,Vladimir Myasishchev
SovietSpace,Valentin Rumyantsev
SovietSpace,Igor Sikorsky
SovietSpace,Andrei Tupolev
SovietSpace,Alexander Yakovlev
SovietSpace,Kerim Kerimov
SovietSpace,Mstislav Keldysh
SovietSpace,Mikhail Yangel
SovietSpace,Valentin Glushko
SovietSpace,Vladimir Chelomey
SovietSpace,Viktor Makeyev
SovietSpace,Boris Chertok
SovietSpace,Mikhail Reshetnev
SovietSpace,Salyut
SovietSpace,Mir
SovietSpace,Soyuz
SovietSpace,Phobos
SovietSpace,Almaz
SovietSpace,Kosmos
SovietSpace,Lunik
SovietSpace,Meteor
SovietSpace,Proton
SovietSpace,Sputnik
SovietSpace,Venera
SovietSpace,Vega
SovietSpace,Vostok
SovietSpace,Voskhod
SovietSpace,Zond
SovietSpace,Buran
SovietSpace,Zvezda
SovietSpace,Nauka
SovietSpace,Rassvet
SovietSpace,Poisk
SovietSpace,Pritchal
SovietSpace,Kvant
SovietSpace,Kristall
SovietSpace,Spektr
SovietSpace,Priroda
SovietSpace,Zarya
SovietSpace,Astron
SovietSpace,Granat
SovietSpace,Prognoz
SovietSpace,Gamma
SovietSpace,Biocosmos
SovietSpace,Elektro
USCapitalShip,Enterprise
USCapitalShip,Hornet
USCapitalShip,Wasp
USCapitalShip,Langley
USCapitalShip,Saratoga
USCapitalShip,Lexington
USCapitalShip,Yorktown
USCapitalShip,Ranger
USCapitalShip,Independence
USCapitalShip,United States
USCapitalShip,Midway
USCapitalShip,Coral Sea
USCapitalShip,Constellation
USCapitalShip,Kitty Hawk
USCapitalShip,America
USCapitalShip,Columbia
USCapitalShip,Challenger
USCapitalShip,Endeavour
USCapitalShip,Atlantis
USCapitalShip,Intrepid
USCapitalShip,Liberty
USCapitalShip,Freedom
USCapitalShip,Hope
USCapitalShip,Democracy 
USCapitalShip,Republic
USState,Alaska
USState,Alabama
USState,Arizona
USState,Arkansas
USState,California
USState,Colorado
USState,Connecticut
USState,Delaware
USState,Florida
USState,Georgia
USState,Hawaii
USState,Idaho
USState,Illinois
USState,Indiana
USState,Iowa
USState,Kansas
USState,Kentucky
USState,Louisiana
USState,Maine
USState,Maryland
USState,Massachusetts
USState,Michigan
USState,Minnesota
USState,Mississipi
USState,Missouri
USState,Montana
USState,Nebraska
USState,Nevada
USState,New Hampshire
USState,New Jersey
USState,New Mexico
USState,New York
USState,North Carolina
USState,North Dakota
USState,Ohio
USState,Oklahoma
USState,Oregon
USState,Pennsylvania
USState,Rhode Island
USState,South Carolina
USState,South Dakota
USState,Tennessee
USState,Texas
USState,Virginia
USState,Washington
USState,West Virginia
USState,Wisconsin
USState,Wyoming
USState,Utah
USState,Vermont
USState,Guam
USState,Puerto Rico
USState,Samoa
USSubmarine,Albacore
USSubmarine,Archerfish
USSubmarine,Barb
USSubmarine,Barbel
USSubmarine,Barracuda
USSubmarine,Bass
USSubmarine,Batfish
USSubmarine,Bergall
USSubmarine,Billfish
USSubmarine,Blueback
USSubmarine,Bluefish
USSubmarine,Bonefish
USSubmarine,Bonita
USSubmarine,Cavalla
USSubmarine,Dace
USSubmarine,Darter
USSubmarine,Dolphin
USSubmarine,Drum
USSubmarine,Finback
USSubmarine,Flasher
USSubmarine,Flying Fish
USSubmarine,Gato
USSubmarine,Grayback
USSubmarine,Grayling
USSubmarine,Greenling
USSubmarine,Growler
USSubmarine,Guardfish
USSubmarine,Gudgeoh
USSubmarine,Guitarro
USSubmarine,Gurnard
USSubmarine,Haddo
USSubmarine,Haddock
USSubmarine,Halibut
USSubmarine,Harder
USSubmarine,Hawkbill
USSubmarine,Jack
USSubmarine,Lapon
USSubmarine,Mackerel
USSubmarine,Narwhal
USSubmarine,Nautilus
USSubmarine,Parche
USSubmarine,Pargo
USSubmarine,Permit
USSubmarine,Pintado
USSubmarine,Plunger
USSubmarine,Pollack
USSubmarine,Puffer
USSubmarine,Queenfish
USSubmarine,Ray
USSubmarine,Sailfish
USSubmarine,Salmon
USSubmarine,Sand Lance
USSubmarine,Sargo
USSubmarine,Scamp
USSubmarine,Scorpion
USSubmarine,Sculpin
USSubmarine,Sea Devil
USSubmarine,Seadragon
USSubmarine,Seahorse
USSubmarine,Seawolf
USSubmarine,Shark
USSubmarine,Silversides
USSubmarine,Skate
USSubmarine,Skipjack
USSubmarine,Snook
USSubmarine,Spadefish
USSubmarine,Sturgeon
USSubmarine,Swordfish
USSubmarine,Tang
USSubmarine,Tautog
USSubmarine,Thresher
USSubmarine,Tinosa
USSubmarine,Trepang
USSubmarine,Trigger
USSubmarine,Trout
USSubmarine,Triton
USSubmarine,Tulibee
USSubmarine,Tunny
USSubmarine,Wahoo
USSubmarine,Whale
Constellation,Andromeda
Constellation,Antlia
Constellation,Apus
Constellation,Aquarius
Constellation,Aquila
Constellation,Aries
Constellation,Auriga
Constellation,Bootes
Constellation,Ara
Constellation,Caelum
Constellation,Camelopardis
Constellation,Cancer
Constellation,Canes Venatici
Constellation,Canis Major
Constellation,Canis Minor
Constellation,Capricornus
Constellation,Carina
Constellation,Cassiopeia
Constellation,Centarus
Constellation,Cepheus
Constellation,Ceus
Constellation,Chamaeleon
Constellation,Circinus
Constellation,Columba
Constellation,Coma Berenices
Constellation,Corona Australis
Constellation,Corona Borealis
Constellation,Corvus
Constellation,Crater
Constellation,Crux
Constellation,Cygnus
Constellation,Delphinus
Constellation,Dorado
Constellation,Draco
Constellation,Equuleus
Constellation,Eridanus
Constellation,Fornax
Constellation,Gemini
Constellation,Grus
Constellation,Hercules
Constellation,Horologium
Constellation,Hydra
Constellation,Hydrus
Constellation,Indus
Constellation,Lacerta
Constellation,Leo
Constellation,Leo Minor
Constellation,Lepus
Constellation,Libra
Constellation,Lupus
Constellation,Lynx
Constellation,Lyra
Constellation,Mensa
Constellation,Microscopium
Constellation,Monoceros
Constellation,Musca
Constellation,Norma
Constellation,Octans
Constellation,Ophiuchus
Constellation,Orion
Constellation,Pavo
Constellation,Pegasus
Constellation,Perseus
Constellation,Phoenix
Constellation,Pictor
Constellation,Piscis
Constellation,Puppis
Constellation,Pyxis
Constellation,Reticulum
Constellation,Sagitta
Constellation,Sagittarius
Constellation,Scorpius
Constellation,Sculptor
Constellation,Scutum
Constellation,Serpens
Constellation,Sextans
Constellation,Taurus
Constellation,Telescopium
Constellation,Triangulum
Constellation,Tucana
Constellation,Ursa Major
Constellation,Ursa Minor
Constellation,Vela
Constellation,Virgo
Constellation,Volans
Constellation,Vulpecula
EuropeCapitalShip,Ark Royal
EuropeCapitalShip,Invincible
EuropeCapitalShip,Illustrious
EuropeCapitalShip,Clemenceau
EuropeCapitalShip,Foch
GreekDeity,Ares
GreekDeity,Aphrodite
GreekDeity,Hermes
GreekDeity,Zeus
GreekDeity,Cronos
GreekDeity,Hera
GreekDeity,Athena
GreekDeity,Heracles
GreekDeity,Hephaestus
GreekDeity,Artemis
GreekDeity,Apollo
GreekDeity,Posidon
GreekDeity,Hades
GreekDeity,Perseus
GreekDeity,Theseus
GreekDeity,Achilles
GreekDeity,Agammennon
GreekDeity,Ajax
GreekDeity,Hector
GreekDeity,Priam
GreekDeity,Odysseus
AsianCapitalShip,Yamato
AsianCapitalShip,Musashi
AsianCapitalShip,Shinano
AsianCapitalShip,Kaga
AsianCapitalShip,Akagi
AsianCapitalShip,Hiryu
AsianCapitalShip,Soryu
AsianCapitalShip,Shokaku
AsianCapitalShip,Zuikaku
AsianCapitalShip,Hiyo
AsianCapitalShip,Junyo
AsianCapitalShip,Fuso
AsianCapitalShip,Yamashiro
AsianCapitalShip,Nagato
AsianCapitalShip,Mutsi
AsianCapitalShip,Kongo
AsianCapitalShip,Hiei
AsianCapitalShip,Kirishima
AsianCapitalShip,Haruna
AsianCapitalShip,Hosho
AsianCapitalShip,Ryujo
AsianCapitalShip,Amagi
AsianCapitalShip,Atago
AsianCapitalShip,Takao
AsianCapitalShip,Tosa
AsianCapitalShip,Ise
AsianCapitalShip,Hyuga
AsianCapitalShip,Zuiho
AsianCapitalShip,Sosho
AsianCapitalShip,Taiho
AsianCapitalShip,Unyo
AsianCapitalShip,Chuyo
AsianCapitalShip,Taiyo
AsianCapitalShip,Kaiyo
AsianCapitalShip,Chiyoda
AsianCapitalShip,Chitose
AsianCapitalShip,Unryu
AsianCapitalShip,Katsuragi
AsianCapitalShip,Kasagi
AsianCapitalShip,Aso
AsianCapitalShip,Ikoma
AsianCapitalShip,Shinyo
AsianCapitalShip,Liaoning
AsianCapitalShip,Shandong
AsianCapitalShip,Fujian
AsianCapitalShip,Hainan
AsianCapitalShip,Guangxi
AsianCapitalShip,Anhui
AsianCapitalShip,Nanchang
AsianCapitalShip,Lhasa
AsianCapitalShip,Anshan
AsianCapitalShip,Wuxi
AsianCapitalShip,Dalian
AsianCapitalShip,Yan'an
AsianCapitalShip,Zunyi
AsianCapitalShip,Xianyang
AsianCruiserShip,Kumming
AsianCruiserShip,Changsha
AsianCruiserShip,Hefei
AsianCruiserShip,Yinchuan
AsianCruiserShip,Xining
AsianCruiserShip,Xiamen
AsianCruiserShip,Urumqi
AsianCruiserShip,Guiyang
AsianCruiserShip,Nanjing
AsianCruiserShip,Hohhot
AsianCruiserShip,Taiyuan
AsianCruiserShip,Chengdu
AsianCruiserShip,Qiqihar
AsianCruiserShip,Shaoxing
AsianCruiserShip,Zibo
AsianCruiserShip,Tangshan
AsianCruiserShip,Suzhou
AsianCruiserShip,Huainan
AsianCruiserShip,Nanning
AsianCruiserShip,Zhanjiang
AsianCruiserShip,Jiaozuo
AsianCruiserShip,Baotou
AsianCruiserShip,Hangzhou
AsianCruiserShip,Fuzhou
AsianCruiserShip,Taizhou
AsianCruiserShip,Ningbo
AsianCruiserShip,Shenyang
AsianCruiserShip,Shijazhuang
AsianCruiserShip,Lanzhou
AsianCruiserShip,Haikou
AsianCruiserShip,Changchun
AsianCruiserShip,Zhengzhou
AsianCruiserShip,Jinan
AsianCruiserShip,Xi'an
AsianCruiserShip,Guangzhou
AsianCruiserShip,Wuhan
AsianCruiserShip,Shenzhen
AsianCruiserShip,Harbin
AsianCruiserShip,Qingdao
AsianCruiserShip,Tatsuta
AsianCruiserShip,Tenryu
AsianCruiserShip,Kuma
AsianCruiserShip,Tama
AsianCruiserShip,Kitakami
AsianCruiserShip,Kiso
AsianCruiserShip,Oi
AsianCruiserShip,Nagara
AsianCruiserShip,Natori
AsianCruiserShip,Kinu
AsianCruiserShip,Yura
AsianCruiserShip,Isuzu
AsianCruiserShip,Abukuma
AsianCruiserShip,Yubari
AsianCruiserShip,Sendai
AsianCruiserShip,Jintsu
AsianCruiserShip,Naka
AsianCruiserShip,Furutaka
AsianCruiserShip,Kako
AsianCruiserShip,Aoba
AsianCruiserShip,Kinugusa
AsianCruiserShip,Myoko
AsianCruiserShip,Nachi
AsianCruiserShip,Haguro
AsianCruiserShip,Ashigara
AsianCruiserShip,Chokai
AsianCruiserShip,Maya
AsianCruiserShip,Mogami
AsianCruiserShip,Mikuma
AsianCruiserShip,Suzuya
AsianCruiserShip,Kumano
AsianCruiserShip,Tone
AsianCruiserShip,Chikuma
AsianCruiserShip,Ibuki
AsianCruiserShip,Katori
AsianCruiserShip,Kashima
AsianCruiserShip,Kashii
AsianCruiserShip,Kashiwara
AsianCruiserShip,Agano
AsianCruiserShip,Noshiro
AsianCruiserShip,Yahagi
AsianCruiserShip,Sakawa
AsianCruiserShip,Oyodo
AsianCruiserShip,Niyodo
AsianFrigateShip,Minekazze
AsianFrigateShip,Sawakaze
AsianFrigateShip,Okikaze
AsianFrigateShip,Shimakaze
AsianFrigateShip,Nadakaze
AsianFrigateShip,Yakaze
AsianFrigateShip,Hakaze
AsianFrigateShip,Shiokaze
AsianFrigateShip,Akikaze
AsianFrigateShip,Yukaze
AsianFrigateShip,Tachikaze
AsianFrigateShip,Hokaze
AsianFrigateShip,Namikaze
AsianFrigateShip,Numakaze
AsianFrigateShip,Kamikaze
AsianFrigateShip,Asakaze
AsianFrigateShip,Asanagi
AsianFrigateShip,Harutaze
AsianFrigateShip,Hayate
AsianFrigateShip,Matsukaze
AsianFrigateShip,Oite
AsianFrigateShip,Yunagi
AsianFrigateShip,Mutsuki
AsianFrigateShip,Fumizuki
AsianFrigateShip,Kikuziki
AsianFrigateShip,Mikazuki
AsianFrigateShip,Minazuki
AsianFrigateShip,Mochizuki
AsianFrigateShip,Mutsuki
AsianFrigateShip,Nagatsuki
AsianFrigateShip,Satsuki
AsianFrigateShip,Uzuki
AsianFrigateShip,Yayoi
AsianFrigateShip,Yuzuki
AsianFrigateShip,Fubuki
AsianFrigateShip,Akebono
AsianFrigateShip,Amagiri
AsianFrigateShip,Asagiri
AsianFrigateShip,Ayanami
AsianFrigateShip,Hatsuyuki
AsianFrigateShip,Isonami
AsianFrigateShip,Miyuki
AsianFrigateShip,Murakumo
AsianFrigateShip,Oboro
AsianFrigateShip,Sagiri
AsianFrigateShip,Sazanami
AsianFrigateShip,Shikinami
AsianFrigateShip,Shinonome
AsianFrigateShip,Shirakumo
AsianFrigateShip,Shirayuki
AsianFrigateShip,Uranami
AsianFrigateShip,Ushio
AsianFrigateShip,Usugumo
AsianFrigateShip,Yugiri
AsianFrigateShip,Akatsuki
AsianFrigateShip,Hibiki
AsianFrigateShip,Ikazuchi
AsianFrigateShip,Inazuma
AsianFrigateShip,Hatsuharu
AsianFrigateShip,Ariake
AsianFrigateShip,Hatsushimo
AsianFrigateShip,Nenohi
AsianFrigateShip,Wakaba
AsianFrigateShip,Yugure
AsianFrigateShip,Harusame
AsianFrigateShip,Kawakaze
AsianFrigateShip,Murasame
AsianFrigateShip,Samidare
AsianFrigateShip,Shigure
AsianFrigateShip,Shiratsuyu
AsianFrigateShip,Asashio
AsianFrigateShip,Arare
AsianFrigateShip,Asagumo
AsianFrigateShip,Arashio
AsianFrigateShip,Kasumi
AsianFrigateShip,Michishio
AsianFrigateShip,Minegumo
AsianFrigateShip,Natsugumo
AsianFrigateShip,Oshio
AsianFrigateShip,Yamagumo
AsianFrigateShip,Akigumo
AsianFrigateShip,Amatsukaze
AsianFrigateShip,Arashi
AsianFrigateShip,Hagikaze
AsianFrigateShip,Hamakaze
AsianFrigateShip,Hatsukaze
AsianFrigateShip,Hayashio
AsianFrigateShip,Isokaze
AsianFrigateShip,Kagero
AsianFrigateShip,Kuroshio
AsianFrigateShip,Maikaze
AsianFrigateShip,Nastushio
AsianFrigateShip,Nowaki
AsianFrigateShip,Oyashio
AsianFrigateShip,Shiranui
AsianFrigateShip,Tanikaze
AsianFrigateShip,Tokitsukaze
AsianFrigateShip,Urakazee
AsianFrigateShip,Yukikaze
AsianFrigateShip,Yugumo
AsianFrigateShip,Akishimo
AsianFrigateShip,Asashimo
AsianFrigateShip,Fujinami
AsianFrigateShip,Hamanami
AsianFrigateShip,Hayanami
AsianFrigateShip,Hayashimo
AsianFrigateShip,Kazagumo
AsianFrigateShip,Kishinami
AsianFrigateShip,Kiyonami
AsianFrigateShip,Kiyoshimo
AsianFrigateShip,Makigumo
AsianFrigateShip,Makinami
AsianFrigateShip,Naganami
AsianFrigateShip,Okinami
AsianFrigateShip,Onami
AsianFrigateShip,Suzunami
AsianFrigateShip,Takanami
AsianFrigateShip,Tamanami
AsianFrigateShip,Yugumo
AsianFrigateShip,Akizuki
AsianFrigateShip,Fuyutsuki
AsianFrigateShip,Hanazuki
AsianFrigateShip,Harutsuki
AsianFrigateShip,Michizuki
AsianFrigateShip,Natsuzuki
AsianFrigateShip,Niizuki
AsianFrigateShip,Shimotsuki
AsianFrigateShip,Suzutsuki
AsianFrigateShip,Teruzuki
AsianFrigateShip,Wakatsuki
AsianFrigateShip,Yoizuki
AsianFrigateShip,Shimakaze
AsianFrigateShip,Xianning
AsianFrigateShip,Binzhou
AsianFrigateShip,Zhoushan
AsianFrigateShip,Xuzhou
AsianFrigateShip,Xiangtan
AsianFrigateShip,Jingzhou
AsianFrigateShip,Xuchang
AsianFrigateShip,Yantai
AsianFrigateShip,Wuhu
AsianFrigateShip,Zhaozhuang
AsianFrigateShip,Yancheng
AsianFrigateShip,Linyi
AsianFrigateShip,Yiyang
AsianFrigateShip,Changzhou
AsianFrigateShip,Weifang
AsianFrigateShip,Hengyang
AsianFrigateShip,Yulin
AsianFrigateShip,Huangshan
AsianFrigateShip,Yuncheng
AsianFrigateShip,Hengshui
AsianFrigateShip,Liuzhou
AsianFrigateShip,Sanya
AsianFrigateShip,Yueyang
AsianFrigateShip,Daqing
AsianFrigateShip,Huanggang
AsianFrigateShip,Yangzhou
AsianFrigateShip,Handan
AsianFrigateShip,Rizhao
AsianFrigateShip,Anyang
AsianFrigateShip,Nantong
AsianFrigateShip,Ma'anshan
AsianFrigateShip,Wenzhou
AsianFrigateShip,Jiaxing
AsianFrigateShip,Lianyungang
AsianFrigateShip,Putian
AsianFrigateShip,Yichang
AsianFrigateShip,Huludao
AsianFrigateShip,Sanming
AsianFrigateShip,Xiangyang
AsianFrigateShip,Huaihua
AsianFrigateShip,Luoyang
AsianFrigateShip,Mianyang
AsianFrigateShip,Anqing
AsianFrigateShip,Huainan
AsianFrigateShip,Huaibei
AsianFrigateShip,Tongling
AsianFrigateShip,Xinyang
AsianFrigateShip,Suzhou
AsianFrigateShip,Qinhuangdao
AsianFrigateShip,Baoding
AsianFrigateShip,Heze
AsianFrigateShip,Datong
AsianFrigateShip,Yingkou
AsianFrigateShip,Bengbu
AsianFrigateShip,Shangrao
AsianFrigateShip,Meizhou
AsianFrigateShip,Baise
AsianFrigateShip,Ji'an
AsianFrigateShip,Jieyang
AsianFrigateShip,Quanzhou
AsianFrigateShip,Qingyouan
AsianFrigateShip,Weihai
AsianFrigateShip,Luzhou
AsianFrigateShip,Huizhou
AsianFrigateShip,Qinzhou
AsianFrigateShip,Huangshi
AsianFrigateShip,Sanmenxia
AsianFrigateShip,Zhuzhou
AsianFrigateShip,Zhangjiakou
AsianHabs,Amaterasu
AsianHabs,Uzume
AsianHabs,Fujin
AsianHabs,Hachiman
AsianHabs,Onari
AsianHabs,Ninigi
AsianHabs,Omononushi
AsianHabs,Okuninushi
AsianHabs,Omoikane
AsianHabs,Riajin
AsianHabs,Ruyjin
AsianHabs,Suijin
AsianHabs,Susanoo
AsianHabs,Takemikazuchi
AsianHabs,Takeminakata
AsianHabs,Tamanoya
AsianHabs,Toyotama
AsianHabs,Tsukuyomi
AsianHabs,Yatagarasu
AsianHabs,Izanagi
AsianHabs,Izanami
AsianHabs,Kuninotokotachi
AsianHabs,Omodaru
AsianHabs,Ayakashikone
AsianHabs,Otonoji
AsianHabs,Otonobe
AsianHabs,Toyokumono
AsianHabs,Tsunuguhi
AsianHabs,Ikuguhi
AsianHabs,Uhijini
AsianHabs,Suhijini
AsianHabs,Amenominakanushi
AsianHabs,Takamimusubi
AsianHabs,Kamimusubi
AsianHabs,Umashi'ashikabihikoji
AsianHabs,Amenotokotachi
AsianHabs,Yudi
AsianHabs,Doumu
AsianHabs,Pangu
AsianHabs,Xiwangmu
AsianHabs,Yanwang
AsianHabs,Yinyanggong
AsianHabs,Fuxi
AsianHabs,Nuwa
AsianHabs,Shennong
AsianHabs,Huangdi
AsianHabs,Cangdi
AsianHabs,Heidi
AsianHabs,Chidi
AsianHabs,Baidi
AsianHabs,Yao
AsianHabs,Shun
AsianHabs,Yu
AsianHabs,Bailong
AsianHabs,Xuanlong
AsianHabs,Zhulong
AsianHabs,Qinglong
AsianHabs,Huanglong
AsianHabs,Baoshen
AsianHabs,Chongshen
AsianHabs,Dizhushen
AsianHabs,Doushen
AsianHabs,Fengshen
AsianHabs,Haishen
AsianHabs,Heshen
AsianHabs,Gushen
AsianHabs,Houshen
AsianHabs,Hushen
AsianHabs,Sheshen
AsianHabs,Jishen
AsianHabs,Jinshen
AsianHabs,Jingshen
AsianHabs,Leishen
AsianHabs,Mushen
AsianHabs,Shanshen
AsianHabs,Shuishen
AsianHabs,Tudishen
AsianHabs,Wenshen
AsianHabs,Xiangshuishen
AsianHabs,Xueshen
AsianHabs,Yushen
AsianHabs,Xihe
AsianHabs,Yueshen
XCOMCapitalShip,Avenger
XCOMCapitalShip,Biter
XCOMCapitalShip,Charger
XCOMCapitalShip,Dasher
XCOMCapitalShip,Attacker
XCOMCapitalShip,Battler
XCOMCapitalShip,Chaser
XCOMCapitalShip,Fencer
XCOMCapitalShip,Hunter
XCOMCapitalShip,Pursuer
XCOMCapitalShip,Ravager
XCOMCapitalShip,Searcher
XCOMCapitalShip,Stalker
XCOMCapitalShip,Striker
XCOMCapitalShip,Tracker
XCOMCapitalShip,Patroller
XCOMCapitalShip,Puncher
XCOMCapitalShip,Reaper
XCOMCapitalShip,Slinger
XCOMCapitalShip,Smiter
XCOMCapitalShip,Speaker
XCOMCapitalShip,Trouncer
XCOMCapitalShip,Trumpeter
XCOMCapitalShip,Arbiter
XCOMCapitalShip,Ameer
XCOMCapitalShip,Colossus
XCOMCapitalShip,Glory
XCOMCapitalShip,Ocean
XCOMCapitalShip,Venerable
XCOMCapitalShip,Vengeance
XCOMCapitalShip,Pioneer
XCOMCapitalShip,Warrior
XCOMCapitalShip,Triumph
XCOMCapitalShip,Majestic
XCOMCapitalShip,Terrible
XCOMCapitalShip,Magnificent
XCOMCapitalShip,Leviathan
XCOMCapitalShip,Powerful
XCOMCapitalShip,Glorious
XCOMCapitalShip,Furious
XCOMCapitalShip,Courageous
XCOMCapitalShip,Illustrious
XCOMCapitalShip,Invincible
XCOMCapitalShip,Indomitable
XCOMCapitalShip,Formidable
XCOMCapitalShip,Implacable
XCOMCapitalShip,Indefatigable
XCOMCapitalShip,Audacious
XCOMCapitalShip,Irresistible
XCOMCapitalShip,Firestorm
XCOMCapitalShip,Lightning
XCOMCapitalShip,Starranger
XCOMFrigate,Washington
XCOMFrigate,Moscow
XCOMFrigate,London
XCOMFrigate,Paris
XCOMFrigate,Beijing
XCOMFrigate,Berlin
XCOMFrigate,Tokyo
XCOMFrigate,Johannesburg
XCOMFrigate,Brasilia
XCOMFrigate,New Delhi
XCOMFrigate,Canberra
XCOMFrigate,Abuja
XCOMFrigate,Lagos
XCOMFrigate,Sydney
XCOMFrigate,New York City
XCOMFrigate,Leningrad
XCOMFrigate,Bonn
XCOMFrigate,Lyon
XCOMFrigate,Edinburgh
XCOMFrigate,Kolkotta
XCOMFrigate,Shanghai
XCOMFrigate,Yokohama
XCOMFrigate,Toronto
XCOMFrigate,Quebec City
XCOMFrigate,Mexico City
XCOMFrigate,Monterey
XCOMFrigate,Capetown
XCOMFrigate,Cairo
XCOMFrigate,Alexandria
XCOMFrigate,Buenos Aires
XCOMFrigate,Cordoba
XCOMFrigate,Rio de Janeiro
XCOMFrigate,Los Angeles
XCOMFrigate,Kiev
XCOMFrigate,Belfast
XCOMFrigate,Bordeaux
XCOMFrigate,Goa
XCOMFrigate,Guangzhou
XCOMFrigate,Edo
XCOMFrigate,Montreal
XCOMFrigate,Guadalajara
XCOMFrigate,Pretoria
XCOMFrigate,Port Said
XCOMFrigate,Rosario
XCOMFrigate,Hamburg
XCOMFrigate,São Paulo
XCOMFrigate,Ibadan
XCOMFrigate,Kano
XCOMFrigate,Melbourne
XCOMFrigate,Brisbane
XCOMFrigate,Dallas
XCOMFrigate,Minsk
XCOMFrigate,Cardiff
XCOMFrigate,Port Harcourt
XCOMFrigate,Ciudad Juárez
XCOMFrigate,Frankfurt
XCOMFrigate,Nanjing
XCOMFighter,Phantom
XCOMFighter,Tiger
XCOMFighter,Crusader
XCOMFighter,Skyhawk
XCOMFighter,Intruder
XCOMFighter,Corsair
XCOMFighter,Harrier
XCOMFighter,Thunderbolt
XCOMFighter,Black Bird
XCOMFighter,Starfighter
XCOMFighter,Aardvark
XCOMFighter,Tomcat
XCOMFighter,Eagle
XCOMFighter,Falcon
XCOMFighter,Hornet
XCOMFighter,Fishbed
XCOMFighter,Flogger
XCOMFighter,Foxbat
XCOMFighter,Fulcrum
XCOMFighter,Foxhound
XCOMFighter,Fitter
XCOMFighter,Flagon
XCOMFighter,Fencer
XCOMFighter,Fiddler
XCOMFighter,Finback
XCOMFighter,Flanker
XCOMFighter,Forger
XCOMFighter,Frogfoot
XCOMFighter,Tornado
XCOMFighter,Mirage
XCOMFighter,Jaguar
XCOMFighter,Lightning
XCOMFighter,Buccaneer
XCOMHabs,Acropolis
XCOMHabs,Atlantis 
XCOMHabs,Ecozone
XCOMHabs,Habizone
XCOMHabs,Ptolemy
XCOMHabs,Angel Heart
XCOMHabs,Bakunin
XCOMHabs,Borstal
XCOMHabs,Campesino
XCOMHabs,Chronos
XCOMHabs,Civic
XCOMHabs,Dickens
XCOMHabs,George Orwell
XCOMHabs,Grey Visitor
XCOMHabs,Grimoire
XCOMHabs,Hades
XCOMHabs,Heavenly
XCOMHabs,Lovecraft
XCOMHabs,Maze
XCOMHabs,Necronomicon
XCOMHabs,Neptune
XCOMHabs,Oliver Twist
XCOMHabs,Saturn
XCOMHabs,Scrooge
XCOMHabs,Thomas More
XCOMHabs,Eden
XCOMHabs,Nirvana
XCOMHabs,Utopia
XCOMHabs,Edifice
XCOMHabs,Foucault
XCOMHabs,Nietzche
XCOMHabs,Karpov
XCOMHabs,Ozone
XCOMHabs,New Empire
XCOMHabs,Uhuru
XCOMHabs,Gygax Memorial
XCOMHabs,Parallax
XCOMHabs,Quadrax
XCOMHabs,Tsunami
XCOMHabs,Venus
XCOMHabs,Illiad
XCOMHabs,Bosch
XCOMHabs,Marge Pierce
XCOMHabs,Garden of Delights
XCOMHabs,The Lineage
XCOMHabs,Phoenix
XCOMHabs,Nightingale
XCOMHabs,Judgment
XCOMHabs,Enforcer
XCOMHabs,Aldous
XCOMHabs,Hypermart
AlienHabs,Alien
AlienLargeShip,Large UFO
AlienMediumShip,Medium UFO
AlienSmallShip,Small UFO